{"loss": [0.3359794616699219, 0.1575663834810257, 0.12152818590402603], "f1": [0.8474386836386215, 0.9396460726482458, 0.9528096864327849], "recall": [0.8474386836386215, 0.9396460726482458, 0.9528096864327849], "precision": [0.8474386836386215, 0.9396460726482458, 0.9528096864327849], "valid_loss": [0.19329389929771423, 0.15179015696048737, 0.15364520251750946], "valid_f1": [0.9155953046394634, 0.9334823923979877, 0.9362772498602572], "valid_recall": [0.9155953046394634, 0.9334823923979877, 0.9362772498602572], "valid_precision": [0.9155953046394634, 0.9334823923979877, 0.9362772498602572]}